{"global_step": 99, "_timestamp": 1694081561.543586, "test_loss": 198.0, "_runtime": 0.8725321292877197, "_step": 99, "_wandb": {"runtime": 0}}