{"global_step": 24576, "_timestamp": 1705304003.1189694, "_runtime": 7, "_step": 497, "charts/episodic_return": 83.0, "charts/episodic_length": 83.0, "charts/learning_rate": 5.208333277550992e-06, "losses/value_loss": 60.19443893432617, "losses/policy_loss": -2.22623348236084e-05, "losses/entropy": 0.6183763742446899, "losses/old_approx_kl": -1.4381948858499527e-06, "losses/approx_kl": 1.5599653124809265e-08, "losses/clipfrac": 0.0, "losses/explained_variance": 0.0391772985458374, "charts/SPS": 4504.0, "_wandb": {"runtime": 8}}