{"videos": {"_type": "video-file", "path": "media/videos/videos_10_9413ffbaee753d70a74c.mp4", "sha256": "9413ffbaee753d70a74c4f8039a290cc8ac9af4b70b3eafeeac184f9f173f90c", "size": 1130027}, "_runtime": 2261, "_timestamp": 1705316570.5501492, "_step": 2978, "global_step": 1998848, "charts/episodic_return": 1577.2852783203125, "charts/episodic_length": 1000.0, "charts/learning_rate": 3.0737703582417453e-07, "losses/value_loss": 459.3912353515625, "losses/policy_loss": -0.0009250305593013763, "losses/entropy": 0.9612646102905273, "losses/old_approx_kl": 0.0007308246567845345, "losses/approx_kl": 5.686655640602112e-06, "losses/clipfrac": 0.0, "losses/explained_variance": 0.1992124319076538, "charts/SPS": 884.0, "_wandb": {"runtime": 2263}}